<?xml version="1.0" encoding="UTF-8"?>
<!DOCTYPE mapper
    PUBLIC "-//mybatis.org//DTD Mapper 3.0//EN"
    "http://mybatis.org/dtd/mybatis-3-mapper.dtd">
<mapper namespace="www.yodde.co.kr/store">
	<insert id="memberJoin" parameterType="com.yodde.memberModel.MemberDto">
		insert into member(email, password, zipcode, nickname, profilePic, memberLv) values(
			#{email},
			#{password},
			#{zipcode},
			#{nickName},
			#{profilePic, jdbcType=VARCHAR},
			#{memberLv}
		)
	</insert>
	
	<insert id="memberJoinAuth" parameterType="java.util.HashMap">
		insert into auth values(
			#{email},
			#{authority}
		)
	</insert>
	
	<select id="isExistMember" parameterType="String" resultType="String" >
		select email from member where email = #{id}
	</select>
	
	<select id="selectMember" parameterType="String" resultType="com.yodde.memberModel.MemberDto">
		select * from member where email = #{id}
	</select>
	
	<select id="selectMembersByNick" parameterType="String" resultType="com.yodde.memberModel.MemberDto">
		select * from member where nickname like #{query}
	</select>
	
	<update id="updateMember" parameterType="com.yodde.memberModel.MemberDto">
		update member set 
			nickname = #{nickName}, 
			profilepic = #{profilePic}, 
			zipcode = #{zipcode}
		where email = #{email}
	</update>
</mapper>