<?xml version="1.0" encoding="UTF-8"?>
<beans xmlns="http://www.springframework.org/schema/beans"
	xmlns:xsi="http://www.w3.org/2001/XMLSchema-instance"
	xsi:schemaLocation="http://www.springframework.org/schema/beans http://www.springframework.org/schema/beans/spring-beans.xsd">
	
	<!-- Root Context: defines shared resources visible to all other web components -->
	<bean id="dataSource" class="org.springframework.jdbc.datasource.DriverManagerDataSource">
		<property name="driverClassName" value="oracle.jdbc.driver.OracleDriver"/>
		<property name="url" value="jdbc:oracle:thin:@192.168.7.138:1521:xe"/>
		<property name="username" value="yodde"/>
		<property name="password" value="1234"/>
	</bean>
	<bean id="sqlSessionFactoryBean" class="org.mybatis.spring.SqlSessionFactoryBean">
		<property name="dataSource" ref="dataSource"/>
		<property name="mapperLocations">
			<list>
				<value>classpath:com/yodde/memberModel/MemberMapper.xml</value>
				<value>classpath:com/yodde/storeModel/StoreMapper.xml</value>
				<value>classpath:com/yodde/reviewModel/ReviewMapper.xml</value>
				<value>classpath:com/yodde/relationModel/RelationMapper.xml</value>
				<value>classpath:com/yodde/pictureModel/PictureMapper.xml</value>
				<value>classpath:com/yodde/ownerModel/OwnerMapper.xml</value>
			</list>
		</property>
	</bean>
	
</beans>
