<?xml version="1.0" encoding="UTF-8"?>
<beans:beans
	xmlns="http://www.springframework.org/schema/security"
    xmlns:beans="http://www.springframework.org/schema/beans"
    xmlns:xsi="http://www.w3.org/2001/XMLSchema-instance"
    xsi:schemaLocation="
    http://www.springframework.org/schema/beans
    http://www.springframework.org/schema/beans/spring-beans.xsd
    http://www.springframework.org/schema/security
    http://www.springframework.org/schema/security/spring-security.xsd
    ">

	<http auto-config="true" use-expressions="true" >
		<form-login
			login-page="/signin"
		    username-parameter="user_id"
		    password-parameter="password"
		    login-processing-url="/j_spring_security_check"
		    authentication-success-handler-ref="signinSuccessHandler"
		    authentication-failure-handler-ref="signinFailureHandler"
			default-target-url="/mypage" 
		    always-use-default-target="false"
		/>

	    <logout
		    invalidate-session="true"
		    logout-success-url="/"
			logout-url="/signout" 
		/>
		
		<access-denied-handler ref="accessFailureHandler" />
	</http>
	<!-- 
	<authentication-manager>
         <authentication-provider>
              <password-encoder ref="passwordEncoder"/>
              <user-service>
                   <user name="guest" password="35675e68f4b5af7b995d9205ad0fc43842f16450" authorities="ROLE_USER"/>
                   <user name="admin" password="d033e22ae348aeb5660fc2140aec35850c4da997" authorities="ROLE_ADMIN"/>
              </user-service>
         </authentication-provider>
	</authentication-manager>
	 -->
	 
	<beans:bean id="signinSuccessHandler" class="com.yodde.security.SigninSuccessHandler" />
	<beans:bean id="signinFailureHandler" class="com.yodde.security.SigninFailureHandler">
		<beans:property name="defaultFailureUrl" value="/signin?error=true" />
	</beans:bean>
	<beans:bean id="accessFailureHandler" class="com.yodde.security.AccessFailureHandler">
		<beans:property name="errorPage" value="/403" />
	</beans:bean>
	
	<beans:bean id="userService" class="com.yodde.security.UserService"/>
    <beans:bean id="encoder" class="org.springframework.security.authentication.encoding.ShaPasswordEncoder" />
	<beans:bean id="saltSource" class="org.springframework.security.authentication.dao.ReflectionSaltSource">
		<beans:property name="userPropertyToUse" value="username" />
	</beans:bean>
	
	<authentication-manager>
		<authentication-provider>
			<jdbc-user-service data-source-ref="dataSource"
				users-by-username-query=
				"SELECT username, password, enabled from (SELECT email AS username, password,1 AS enabled FROM MEMBER UNION SELECT email AS username, password,1 AS enabled FROM OWNER) WHERE username=?"
				authorities-by-username-query=
				"select email AS username, authority from auth where email=?"
			/>
			<!-- 
			<password-encoder ref="encoder">
				<salt-source ref="saltSource" />
			</password-encoder>
			 -->
		</authentication-provider>
	</authentication-manager>
</beans:beans>


