<?xml version="1.0" encoding="UTF-8"?>
<beans:beans xmlns="http://www.springframework.org/schema/mvc"
	xmlns:xsi="http://www.w3.org/2001/XMLSchema-instance"
	xmlns:beans="http://www.springframework.org/schema/beans"
	xmlns:context="http://www.springframework.org/schema/context"
	xmlns:security="http://www.springframework.org/schema/security"
	xsi:schemaLocation="http://www.springframework.org/schema/mvc 
		http://www.springframework.org/schema/mvc/spring-mvc.xsd
		http://www.springframework.org/schema/beans 
		http://www.springframework.org/schema/beans/spring-beans.xsd
		http://www.springframework.org/schema/context 
		http://www.springframework.org/schema/context/spring-context.xsd
		http://www.springframework.org/schema/security
     	http://www.springframework.org/schema/security/spring-security.xsd
		">

	<!-- DispatcherServlet Context: defines this servlet's request-processing infrastructure -->

	<!-- Enables the Spring MVC @Controller programming model -->
	<annotation-driven />
	
	<security:global-method-security secured-annotations="enabled" pre-post-annotations="enabled" />
	
	<!-- Handles HTTP GET requests for /resources/** by efficiently serving up static resources in the ${webappRoot}/resources directory -->
	<resources mapping="/resources/**" location="/resources/" />

	<!-- Resolves views selected for rendering by @Controllers to .jsp resources in the /WEB-INF/views directory -->
	
	
	
	<beans:bean class="org.springframework.web.servlet.view.InternalResourceViewResolver">
		<beans:property name="prefix" value="/WEB-INF/views/" />
		<beans:property name="suffix" value=".jsp" />
		<beans:property name="contentType" value="text/html; charset=UTF-8"/>
	</beans:bean>
	
	<context:component-scan base-package="com.yodde.home" />
	<context:component-scan base-package="com.yodde.memberAction" />
	<context:component-scan base-package="com.yodde.memberModel" />
	<context:component-scan base-package="com.yodde.storeAction" />
	<context:component-scan base-package="com.yodde.storeModel" />
	<context:component-scan base-package="com.yodde.reviewAction" />
	<context:component-scan base-package="com.yodde.reviewModel" />
	<context:component-scan base-package="com.yodde.relationAction" />
	<context:component-scan base-package="com.yodde.relationModel" />
	<context:component-scan base-package="com.yodde.pictureAction" />
	<context:component-scan base-package="com.yodde.pictureModel" />
	<context:component-scan base-package="com.yodde.ownerAction" />
	<context:component-scan base-package="com.yodde.ownerModel" />
	<context:component-scan base-package="com.yodde.security" />
	
	<beans:bean id="multipartResolver" class="org.springframework.web.multipart.commons.CommonsMultipartResolver">
        <!-- one of the properties available; the maximum file size in bytes 5MB -->
        <beans:property name="maxUploadSize" value="5242880"/>
    </beans:bean>
</beans:beans>
